{"Hest_eig_na":[0.33495344263181426,0.3366284952312528,0.11574422117080671,0.10850577922447642,0.04673126074846641,0.044122421946541625,0.019408417076845232,0.011939648692412274,0.007337465080337425,0.007337063834782789,0.007339026247741327,0.006907447286323427,0.006584956627872238],"Herr_eig":[0.021864449191501354,0.021783064559038192,0.017565201334090834,0.015383859790299615,0.009126030376191656,0.009438556144555202,0.00517237552312685,0.004709461816515792,0.0036067364642011464,0.0013282208062700724,0.0015324530029261789,0.0016711378479343927,0.0006853991360332565,0.0005908481171945237,0.0004087724528346051,0.0003742148079723157,0.0002985644640041869,0.00019703213367182852,0.00019931355444870798,0.00019191242000029775,0.00019958517038442614,0.00018852581757849182,0.0001904321702873799,0.0001796978106942059,0.00018178146242322889],"Hest_eig":[0.33495344263181426,0.33229941792255235,0.2792899782561661,0.2450884595602958,0.16109662841055697,0.1661298929323757,0.09865671460946915,0.0940339913356552,0.08155932892167236,0.03526261855785571,0.04066357191263903,0.04335925407999888,0.019408417076845232,0.016975093226402505,0.011939648692412274,0.011060067825301952,0.00928655580370263,0.007252274208986592,0.007337063834782789,0.007086239826216287,0.007339026247741327,0.006847579073568661,0.006907447286323427,0.0065120583378893435,0.006584956627872238],"Nb_list":[10,14,18,22,26,30,34,38,42,46,50,54,58],"Nb12_list":[12,14,16,18,20,22,24,26,28,30,32,34,36,38,40,42,44,46,48,50,52,54,56,58,60],"Herr_eig_na":[0.021864449191501354,0.02202808085267584,0.005842323246528915,0.005011720073464741,0.0017799494974477283,0.0016911229673987024,0.0006853991360332565,0.0004087724528346051,0.0002050662656444955,0.00019931355444870798,0.00019958517038442614,0.0001904321702873799,0.00018178146242322889]}