{"Hest_eig_na":[0.2211406186307028,0.2222404824326501,0.07654846496617218,0.07181424539960336,0.03093642483237573,0.029209529822184065,0.012849095438416357,0.007938625438735265,0.0048577149632065865,0.004826509537801972,0.004757597483057205,0.004431818972902328,0.004359523409877192],"Herr_eig":[0.019828192246385087,0.019742809583532177,0.016003645906264827,0.013993275561302719,0.008408033721213133,0.00869639430824753,0.004810389982676463,0.004407430597874694,0.003433025946180237,0.0012845325617577609,0.0014815545888525752,0.0016155854634397825,0.0006653029330997364,0.0005454817229701556,0.00040083944181256765,0.00036522044733287,0.0002918546447219492,0.00019301076065760382,0.00019334227252286535,0.00019140716889038369,0.00019057686172698762,0.00018196951211241642,0.00021376604021180987,0.00018078688836826288,0.00012892636662633622],"Hest_eig":[0.2211406186307028,0.21939776977940084,0.18454403491844873,0.16201629226403397,0.1065834728323704,0.10990901980815974,0.06529901989624048,0.06224072139278877,0.05398676979437477,0.02334465665656139,0.026919932249011576,0.028704352659381194,0.012849095438416357,0.01074065798733714,0.007938625438735265,0.00732222416106323,0.006148091153229635,0.004801315126997127,0.004826509537801972,0.004784915998006943,0.004757597483057205,0.004500728213454337,0.004981766471048732,0.004290367394960143,0.0032301966809206973],"Nb_list":[10,14,18,22,26,30,34,38,42,46,50,54,58],"Nb12_list":[12,14,16,18,20,22,24,26,28,30,32,34,36,38,40,42,44,46,48,50,52,54,56,58,60],"Herr_eig_na":[0.019828192246385087,0.01997000837650792,0.005463455398949784,0.004752125359360887,0.0017199144340990162,0.0016355636916289388,0.0006653029330997364,0.00040083944181256765,0.0002008755010099601,0.00019334227252286535,0.00019057686172698762,0.00017971571817906325,0.00017829731187320576]}