{"Hest_eig_na":[0.22114061862905554,0.22224048243099287,0.07654846496560738,0.07181424539907508,0.030936424832151328,0.02920952982197178,0.012849095438323972,0.007938625438677674,0.004857714963171414,0.0048265095377671135,0.004757597483022824,0.004431818972870214,0.004359523409845564],"Herr_eig":[0.01982819224025647,0.019742809577799298,0.016003645899818657,0.01399327555509165,0.008408033717194957,0.008696394303986206,0.0048103899798973265,0.004407430595459936,0.0034330259448163377,0.0012845325622552642,0.0014815545893862257,0.0016155854637564461,0.0006653029338963087,0.0005454817233842561,0.0004008394423526171,0.0003652204479801253,0.0002918546451606617,0.00019301076129039742,0.00019334227316434763,0.00019140716953646458,0.00019057686236167027,0.0001819695126821502,0.00021376604074931912,0.00018078688885487306,0.00012892636684231468],"Hest_eig":[0.22114061862905554,0.2193977697777636,0.1845440349170783,0.16201629226283593,0.10658347283159089,0.10990901980735711,0.06529901989575472,0.062240721392325116,0.053986769793982495,0.02334465665639126,0.026919932248815028,0.02870435265917181,0.012849095438323972,0.01074065798725958,0.007938625438677674,0.0073222241610101275,0.006148091153184878,0.0048013151269624245,0.0048265095377671135,0.004784915997972379,0.004757597483022824,0.0045007282134217315,0.004981766471012578,0.0042903673949290285,0.0032301966808971506],"Nb_list":[10,14,18,22,26,30,34,38,42,46,50,54,58],"Nb12_list":[12,14,16,18,20,22,24,26,28,30,32,34,36,38,40,42,44,46,48,50,52,54,56,58,60],"Herr_eig_na":[0.01982819224025647,0.019970008370718693,0.005463455396188277,0.004752125357429665,0.0017199144345143643,0.001635563691830728,0.0006653029338963087,0.0004008394423526171,0.000200875501606059,0.00019334227316434763,0.00019057686236167027,0.00017971571873636434,0.0001782973123961982]}