{"Hest_eig_na":[0.469517863450107,0.31869972388147016,0.19058406275910775,0.128317723716398,0.08784512546788857,0.06563991773415526,0.04778956405521055,0.0399004066456944,0.02993910684344812,0.01958434179393192,0.014862363646011362,0.011225771581957207,0.010673242305391841],"Herr_eig":[0.049704236467570835,0.03797039401577621,0.034346705471299185,0.021297324837804214,0.01640328988346118,0.01070285205698562,0.007628127194888012,0.005351024361953117,0.004925402459680883,0.003337842306137136,0.002172270782148503,0.001856246012985172,0.0012158812516370968,0.0010459882645597815,0.0007094673972639864,0.0006110840076989527,0.0004704477594674813,0.0003683672146467473,0.0003329206484238962,0.00023276728325012235,0.00019478041813578422,0.00016434368491751543,0.000146084036096918,0.00011677145950725611,0.00010027218452084746],"Hest_eig":[0.469517863450107,0.359984589186195,0.32436512731408274,0.19591945548648587,0.15437249924077323,0.10700281438017344,0.0806369681841105,0.06033055267059113,0.056310272453087375,0.039640962050855814,0.026664098896427433,0.023266938021005486,0.015704543477036904,0.01384175081356115,0.009869903448198058,0.008741474893145905,0.007005453305596264,0.005577784049245459,0.005136065713819542,0.003668147844470354,0.003102445211160045,0.002685234734069205,0.002413487541328944,0.0019777307786868646,0.001690407600193586],"Nb_list":[10,14,18,22,26,30,34,38,42,46,50,54,58],"Nb12_list":[12,14,16,18,20,22,24,26,28,30,32,34,36,38,40,42,44,46,48,50,52,54,56,58,60],"Herr_eig_na":[0.049704236467570835,0.034033522484668226,0.020596105854178162,0.013263479194807441,0.008410893878299746,0.005844968367530669,0.0040340493734787874,0.0032773415687788916,0.0023884982026524085,0.0015309651610751474,0.0011085092416947494,0.0008023876399210013,0.0007564930444430932]}