{"Hest_eig_na":[0.34546076024304323,0.2349673534059,0.1406742488755345,0.09404297539265125,0.06487397533330914,0.04847835249600296,0.03529628044851765,0.029469901292550133,0.021802183063595413,0.014860038294985382,0.010372384150319889,0.008305287107113733,0.007883325475431111],"Herr_eig":[0.04669104586952793,0.03576120856772718,0.0324263180178966,0.020199668842590418,0.015678912446164223,0.010263626674297397,0.007326586051885369,0.005165017049817327,0.004765838957523378,0.003238347312274848,0.0021181598579729554,0.0018090103105187314,0.0011807434728661392,0.0010235155275579802,0.0006959980495589039,0.0005996197440373207,0.00047646345037207616,0.00036226215970650873,0.0003124237838081984,0.0002292381987096907,0.00019193936706949293,0.00016197897574190203,0.00014401392439671238,0.00010651112814595157,9.794014913337736e-5],"Hest_eig":[0.34546076024304323,0.26527630814321984,0.23912907119495136,0.14460705916618793,0.11397137210870001,0.07901663699494278,0.059552040079450856,0.04455766536128112,0.04158880761636477,0.029278290053209956,0.01969406020017045,0.017184975951431956,0.011519671252461585,0.010223591733076643,0.007289976493669879,0.0064565140340939395,0.005322785732351866,0.00411979345421158,0.0036174134451094396,0.002709322604804333,0.0022914903254587457,0.001983335497453516,0.0017826209461551373,0.0013446259057496577,0.0012352023501155528],"Nb_list":[10,14,18,22,26,30,34,38,42,46,50,54,58],"Nb12_list":[12,14,16,18,20,22,24,26,28,30,32,34,36,38,40,42,44,46,48,50,52,54,56,58,60],"Herr_eig_na":[0.04669104586952793,0.03195420005607287,0.019488338754410067,0.0125934420754962,0.008084608129863722,0.0056496030469105245,0.003913221474639753,0.003184839818984238,0.0022933949268778378,0.0015393053726654995,0.0010255045059443196,0.000784829602241944,0.000741615058923344]}