{"C_cst":[514.1429996591353,8.070521901662353,2.7178311095310406,2.160497529006123,2.0986736334989917,513.3231622451684,7.250684487695246,1.8979936955639345,1.3406601150390163,1.2788362195318863,512.9132435381847,6.840765780711693,1.4880749885803817,1.0,1.0,512.5033248312009,6.430847073728139,1.1622274625241378,1.0,1.0],"σ":[3.0,4.0,5.0,6.0,7.0,8.0],"γ_cst":[0.06412678575617617,0.02780084187400968,0.015446529049825772,0.009813340812061077,0.0067815905332367435,0.004965063974003222],"ℓ":[0.1,0.3,0.5,0.8,0.9],"σ1":[5.0,3.0,2.0,1.0],"cA_cst":[0.8334757062381722,0.64024894141541,0.5392024199531116,0.4746052897436777,0.4287658489770232,0.39407025379163446]}