{"C_cst":[1026.5413833885762,14.396427873630765,3.7234722817326786,2.6599204050219516,2.548423353022751,1025.7215459746096,13.576590459663658,2.903634867765572,1.8400829910548455,1.7285859390556448,1025.3116272676261,13.166671752680106,2.493716160782019,1.4301642840712923,1.3186672320720916,1024.901708560642,12.75675304569655,2.168127000659231,1.0,1.0],"σ":[3.0,4.0,5.0,6.0,7.0,8.0],"γ_cst":[0.06412678575617617,0.02780084187400968,0.015446529049825772,0.009813340812061077,0.0067815905332367435,0.004965063974003222],"ℓ":[0.1,0.3,0.5,0.8,0.9],"σ1":[5.0,3.0,2.0,1.0],"cA_cst":[0.8334757062381722,0.64024894141541,0.5392024199531116,0.4746052897436777,0.4287658489770232,0.39407025379163446]}