{"C_cst":[421.38859783676924,6.49144639215715,2.116402236233406,1.6804324261222137,1.6347276987342236,421.0525311440993,6.155379699487013,1.78033554356327,1.3443657334520778,1.2986610060640875,420.8844977977641,5.987346353151946,1.612302197228202,1.1763323871170102,1.1306276597290195,420.7164644514289,5.819313006816877,1.478837109702808,1.0,1.0],"σ":[3.0,4.0,5.0,6.0,7.0,8.0],"γ_cst":[0.06412678575612343,0.02780084187402427,0.015446529049827098,0.009813340812072647,0.006781590533235482,0.00496506397399953],"ℓ":[0.1,0.3,0.5,0.8,0.9],"σ1":[5.0,3.0,2.0,1.0],"cA_cst":[0.69468175288922,0.409918706983553,0.2907392496832916,0.22525018105268024,0.18384015324898742,0.1552913649234032]}