{"nsup":[2.9689032129375413e-5,7.969275364755264e-6,3.6913335753813604e-5,1.0083770746045594e-5,1.3249351679678424e-5,3.349449295442827e-6,1.903367715857259e-5,4.866170386285886e-6,4.488500319719126e-6,1.1237975579232296e-6,3.6196701352832614e-6,9.023757581591913e-7,8.241301530323384e-7,1.999011280942807e-7,2.745053987279406e-7,6.476719297468023e-8,1.8394487191892683e-7,4.240696563487328e-8,1.7844500519872343e-7,4.112234995254788e-8,1.6420111492264834e-7,3.780665264701313e-8,1.4514638576745705e-7,3.334421176175287e-8,1.3722793875682116e-7,3.1458840871796544e-8,6.485805045341762e-8,1.4802468571438424e-8,5.986533266986665e-8,1.3631310328810503e-8,2.937647127063467e-8,6.666782395147653e-9,1.3344700385552426e-8,3.022580915958045e-9,4.372678800663883e-9,9.862249912502883e-10,3.622955400586703e-9,8.164934246765755e-10,1.4829970174860245e-9,3.3242900693269687e-10,1.2990853084676863e-9,2.912442111312448e-10,1.4813755479486729e-9,3.320012440927034e-10,1.3846320329182028e-9,3.102438174810199e-10,1.6552516928946205e-9,3.7090743817264913e-10,1.1200965255683939e-9,2.509637608250572e-10,1.4241564278112168e-9,3.190872424328768e-10,9.700138215840586e-10,2.1733553723209535e-10,7.642197378027709e-10,1.7123701775516079e-10],"ntrue":[7.156885350719661e-6,7.156885350719661e-6,9.807363009617008e-6,9.807363009617008e-6,2.2640959235845482e-6,2.2640959235845482e-6,3.4546586071541774e-6,3.4546586071541774e-6,6.785602991283719e-7,6.785602991283719e-7,5.358527784646429e-7,5.358527784646429e-7,1.0533987131402071e-7,1.0533987131402071e-7,2.7854822641995536e-8,2.7854822641995536e-8,1.5908038075748745e-8,1.5908038075748745e-8,1.5371820590049318e-8,1.5371820590049318e-8,1.3954720838840221e-8,1.3954720838840221e-8,1.2070182916065362e-8,1.2070182916065362e-8,1.1285422316289152e-8,1.1285422316289152e-8,4.950896926224191e-9,4.950896926224191e-9,4.506615292592381e-9,4.506615292592381e-9,2.086266426375146e-9,2.086266426375146e-9,8.957197724983262e-10,8.957197724983262e-10,2.6128567375339415e-10,2.6128567375339415e-10,2.1090373774145425e-10,2.1090373774145425e-10,7.051771200963397e-11,7.051771200963397e-11,6.080867753856804e-11,6.080867753856804e-11,7.024935842256087e-11,7.024935842256087e-11,6.558733007089274e-11,6.558733007089274e-11,7.992593225806309e-11,7.992593225806309e-11,5.1664574365259316e-11,5.1664574365259316e-11,6.653789082727354e-11,6.653789082727354e-11,4.436431448888711e-11,4.436431448888711e-11,3.419169304412655e-11,3.419169304412655e-11],"Nb_list":[5,7,9,11,13,15,17,19,21,23,25,27,29,31,33,35,37,39,41,43,45,47,49,51,53,55,57,59],"ninf":[3.7537279535521045e-7,2.012042792545693e-6,6.456427484238976e-7,2.6715976493060866e-6,3.3042014722915565e-8,6.866480679212616e-7,6.148200012058943e-8,1.0510578183323275e-6,1.7815330152633964e-8,2.256308630933062e-7,1.568011821503132e-8,1.7595689615485206e-7,1.969436855791497e-9,3.282608015312457e-8,2.327281720352033e-10,9.204658547626642e-9,2.284044219774849e-11,5.327752312368337e-9,2.0955515674442934e-11,5.338429068209377e-9,2.1659640544322814e-11,4.896023606089181e-9,2.118862109155857e-11,4.190398134171553e-9,2.0607526549280475e-11,3.769303421756154e-9,1.0679957003026967e-11,1.6584822698200502e-9,1.2174346827204956e-11,1.391436901653561e-9,1.1835231453018448e-11,5.07449743041144e-10,5.481793415978595e-12,2.0090637524915199e-10,1.5860024337479963e-12,3.92279908989468e-11,1.2867323032009998e-12,2.6405966262165968e-11,8.321945736793691e-14,2.7777369435005726e-12,5.059388895573103e-14,2.4008214313419678e-12,7.698568255003203e-14,2.457616105078017e-12,7.310206031883829e-14,1.6930059582580906e-12,1.2424643441030132e-13,2.1141941998482058e-12,3.574023318555082e-14,1.4210102303781696e-12,4.510119046312029e-14,1.9387678737131285e-12,3.4028957683425776e-14,1.1975122260004589e-12,2.7897630431938192e-14,9.415832372741863e-13],"vec_K":[5,17]}